{"first":[-1.0602352542613815,-0.17328166725227437,0.009830980806737338,0.3088550584259677,-3.641213179082791,0.048356174897617406,1.0058626277255112,-0.5419810759808286,0.048589415741934504,4.308795498048579,0.9940652886338299,-4.312619329563642,1.2907273751855957,-0.13397619300101496,-3.3713488779162,-1.0617778489132574,-1.1738936029202287,0.7441653698760704,0.061774238822049424,9.82296815410258,0.12612742737425212,0.7641618864481272,-1.5467156801220818,0.01264624762182711,0.06946808657192911,-2.6170466067227474],"second":[0.46455416296244184,0.5295861547807181,0.6075229169586867,0.19564288853450695,3.282471036073668,0.13946935372251307,0.16169403474437619,0.2580364465031843,0.540603040146305,-6.885186774013697,0.7267136008889691,8.184188527538423,-0.911384982432637,0.7110930120650931,8.029872370348016,-0.11746853093977172,-4.623854773361463,-1.1967256387507443,0.23886362677509634,-6.083860131022437,-0.0932301236507064,-1.1200209152180864,-0.018868048098240473,-0.8574667950001457,-0.08269713549412602,-2.0831788807082354],"third":[-1.5321115255848798,0.5043486124299261,0.44226692491236136,-0.5666465715974469,4.286773881413404,-0.14287361720784242,-0.44340332633975543,-0.5547871610803938,1.0287036839196284,2.242634808156576,-1.287094470677117,-6.691100843091707,2.674859823046398,0.5108104389266824,-4.102801648106064,0.42550393793426705,3.2212383168343703,-0.9131025710488242,0.007091451076759604,-0.47218037651118056,-0.13512291912320953,-0.9581625100897881,1.4154138127309344,-0.5681839557362882,-0.1482274340136918,1.7569927193755175],"fourth":[1.0862394879093635,-0.7225409970359569,0.3348291920295419,0.7168359892636845,1.026641033009112,-0.13627772497271595,-0.5103455522720172,-0.056421377028273996,-0.22417371517371712,2.4804691381435338,-1.2587931274853439,-11.407255529785477,-1.5861415318929422,-0.6855989530602571,-0.016541815085840697,0.22127987634391355,3.421098413162714,1.493513581193087,0.22995058014161868,4.533815802662884,-0.056419230891895066,0.7262886881532302,-2.9843482245715296,0.39862064695917765,-0.07524507421644575,3.0418269318700593],"fifth":[0.07818864171962765,-0.8962618275139502,-0.6821217586394963,0.48180059705535694,-0.01519562307880223,0.04449787363180839,2.0518010742652204,0.23311206854042338,0.6335548917017463,5.767036068044497,-1.196264589189091,-8.846333757302471,-0.8780815737049225,1.4515569854081554,-0.5958199190649554,-0.9940755779345345,3.534719240333343,0.5156615663607317,0.11415069770008132,3.9013267858864458,-0.11834243216355912,-1.1479765410223102,-1.5075138176488803,-1.471904104256402,0.022706087670785698,-0.479878623626847]}
